file,sheet,codice_rispondente
Inseganti-attuali.xlsx,Risposte del modulo 1,vigo15
Inseganti-attuali.xlsx,Risposte del modulo 1,iuso21
Inseganti-attuali.xlsx,Risposte del modulo 1,ucci21
Inseganti-attuali.xlsx,Risposte del modulo 1,affo10
Inseganti-attuali.xlsx,Risposte del modulo 1,Vola24
Inseganti-attuali.xlsx,Risposte del modulo 1,ICCI04
Inseganti-attuali.xlsx,Risposte del modulo 1,glia09
Inseganti-attuali.xlsx,Risposte del modulo 1,Uzzi07
Inseganti-attuali.xlsx,Risposte del modulo 1,turo 16
Inseganti-attuali.xlsx,Risposte del modulo 1,anco27
Inseganti-attuali.xlsx,Risposte del modulo 1,icci16
Inseganti-attuali.xlsx,Risposte del modulo 1,icci24
Inseganti-attuali.xlsx,Risposte del modulo 1,erro26
Inseganti-attuali.xlsx,Risposte del modulo 1,Fini18
Inseganti-attuali.xlsx,Risposte del modulo 1,enzi01
Inseganti-attuali.xlsx,Risposte del modulo 1,Izio06
Inseganti-attuali.xlsx,Risposte del modulo 1,mano06
Inseganti-attuali.xlsx,Risposte del modulo 1,tino25
Inseganti-attuali.xlsx,Risposte del modulo 1,zoli01
Inseganti-attuali.xlsx,Risposte del modulo 1,usso09
Inseganti-attuali.xlsx,Risposte del modulo 1,Macc29
Inseganti-attuali.xlsx,Risposte del modulo 1,ILLI01
Inseganti-attuali.xlsx,Risposte del modulo 1,Mato22
Inseganti-attuali.xlsx,Risposte del modulo 1,Alli07
Inseganti-attuali.xlsx,Risposte del modulo 1,Handa11
Inseganti-attuali.xlsx,Risposte del modulo 1,Ico584
Inseganti-attuali.xlsx,Risposte del modulo 1,Pizz03
Inseganti-attuali.xlsx,Risposte del modulo 1,Ineo13
Inseganti-attuali.xlsx,Risposte del modulo 1,rati06
Inseganti-attuali.xlsx,Risposte del modulo 1,zoni01
Inseganti-attuali.xlsx,Risposte del modulo 1,Luca08
Inseganti-attuali.xlsx,Risposte del modulo 1,Elli24
Inseganti-attuali.xlsx,Risposte del modulo 1,Otti06
Inseganti-attuali.xlsx,Risposte del modulo 1,Erri10
Inseganti-attuali.xlsx,Risposte del modulo 1,ETTI19
Inseganti-attuali.xlsx,Risposte del modulo 1,tini24
Inseganti-attuali.xlsx,Risposte del modulo 1,Boni47
Inseganti-attuali.xlsx,Risposte del modulo 1,Loni01
Inseganti-attuali.xlsx,Risposte del modulo 1,Puto11
Inseganti-attuali.xlsx,Risposte del modulo 1,tino06
Inseganti-attuali.xlsx,Risposte del modulo 1,lani03
Inseganti-attuali.xlsx,Risposte del modulo 1,elli12
Inseganti-attuali.xlsx,Risposte del modulo 1,Izzo20
Inseganti-attuali.xlsx,Risposte del modulo 1,illi10
Inseganti-attuali.xlsx,Risposte del modulo 1,Faro16
Inseganti-attuali.xlsx,Risposte del modulo 1,Engo17
Inseganti-attuali.xlsx,Risposte del modulo 1,rrin08
Inseganti-attuali.xlsx,Risposte del modulo 1,otti18
Inseganti-attuali.xlsx,Risposte del modulo 1,nza29
Inseganti-attuali.xlsx,Risposte del modulo 1,luzi02
Inseganti-attuali.xlsx,Risposte del modulo 1,ucci20
Inseganti-attuali.xlsx,Risposte del modulo 1,cini17
Inseganti-attuali.xlsx,Risposte del modulo 1,icci15
Inseganti-attuali.xlsx,Risposte del modulo 1,Mico26
Inseganti-attuali.xlsx,Risposte del modulo 1,pali25
Inseganti-attuali.xlsx,Risposte del modulo 1,Isti13
Inseganti-attuali.xlsx,Risposte del modulo 1,Aleo23
Inseganti-attuali.xlsx,Risposte del modulo 1,Oni431055
Inseganti-attuali.xlsx,Risposte del modulo 1,cato28
Inseganti-attuali.xlsx,Risposte del modulo 1,vito02
Inseganti-attuali.xlsx,Risposte del modulo 1,trin12
Inseganti-attuali.xlsx,Risposte del modulo 1,Tino19
Inseganti-attuali.xlsx,Risposte del modulo 1,Drea25
Inseganti-attuali.xlsx,Risposte del modulo 1,Onti13
Inseganti-attuali.xlsx,Risposte del modulo 1,Urro18
Inseganti-attuali.xlsx,Risposte del modulo 1,ando20
Inseganti-attuali.xlsx,Risposte del modulo 1,etti27
Inseganti-attuali.xlsx,Risposte del modulo 1,ARDI29
Inseganti-attuali.xlsx,Risposte del modulo 1,Orlandi28
Inseganti-attuali.xlsx,Risposte del modulo 1,elli6
Inseganti-attuali.xlsx,Risposte del modulo 1,Drea02
Inseganti-attuali.xlsx,Risposte del modulo 1,Azio17
Inseganti-attuali.xlsx,Risposte del modulo 1,Rini08
Inseganti-attuali.xlsx,Risposte del modulo 1,Rrin08
Inseganti-attuali.xlsx,Risposte del modulo 1,hesi09
Inseganti-attuali.xlsx,Risposte del modulo 1,TORI27
Inseganti-attuali.xlsx,Risposte del modulo 1,endo15
Inseganti-attuali.xlsx,Risposte del modulo 1,eddu02
Inseganti-attuali.xlsx,Risposte del modulo 1,anco24
Inseganti-attuali.xlsx,Risposte del modulo 1,occa13
Inseganti-attuali.xlsx,Risposte del modulo 1,bano37
Inseganti-attuali.xlsx,Risposte del modulo 1,etto20
Inseganti-attuali.xlsx,Risposte del modulo 1,ione04
Inseganti-attuali.xlsx,Risposte del modulo 1,dini21
Inseganti-attuali.xlsx,Risposte del modulo 1,pola10
Inseganti-attuali.xlsx,Risposte del modulo 1,cchi04
Inseganti-attuali.xlsx,Risposte del modulo 1,ussa14
Inseganti-attuali.xlsx,Risposte del modulo 1,epre02
Inseganti-attuali.xlsx,Risposte del modulo 1,onti02
Inseganti-attuali.xlsx,Risposte del modulo 1,etti19
Inseganti-attuali.xlsx,Risposte del modulo 1,enti14
Inseganti-attuali.xlsx,Risposte del modulo 1,nidi24
Inseganti-attuali.xlsx,Risposte del modulo 1,chio08
Inseganti-attuali.xlsx,Risposte del modulo 1,ra10
Inseganti-attuali.xlsx,Risposte del modulo 1,LANI13
Inseganti-attuali.xlsx,Risposte del modulo 1,IZZI20
Inseganti-attuali.xlsx,Risposte del modulo 1,meri05
Inseganti-attuali.xlsx,Risposte del modulo 1,Icci28
Inseganti-attuali.xlsx,Risposte del modulo 1,Elli02
Inseganti-attuali.xlsx,Risposte del modulo 1,ozzi03
Inseganti-attuali.xlsx,Risposte del modulo 1,SANO10
Inseganti-attuali.xlsx,Risposte del modulo 1,Ioni22
Inseganti-attuali.xlsx,Risposte del modulo 1,deli07
Inseganti-attuali.xlsx,Risposte del modulo 1,cchi25
Inseganti-attuali.xlsx,Risposte del modulo 1,illi3
Inseganti-attuali.xlsx,Risposte del modulo 1,occo16
Inseganti-attuali.xlsx,Risposte del modulo 1,luca14
Inseganti-attuali.xlsx,Risposte del modulo 1,zzo26
Inseganti-attuali.xlsx,Risposte del modulo 1,nini02
Inseganti-attuali.xlsx,Risposte del modulo 1,roni01
Inseganti-attuali.xlsx,Risposte del modulo 1,AZZO01
Inseganti-attuali.xlsx,Risposte del modulo 1,izzo26
Inseganti-attuali.xlsx,Risposte del modulo 1,ucci13
Inseganti-attuali.xlsx,Risposte del modulo 1,ozzi18
Inseganti-attuali.xlsx,Risposte del modulo 1,otto19
Inseganti-attuali.xlsx,Risposte del modulo 1,aris05
Inseganti-attuali.xlsx,Risposte del modulo 1,SARIO2
Inseganti-attuali.xlsx,Risposte del modulo 1,erio29
Inseganti-attuali.xlsx,Risposte del modulo 1,Gullo31
Inseganti-attuali.xlsx,Risposte del modulo 1,ngia06
Inseganti-attuali.xlsx,Risposte del modulo 1,Pass19
Inseganti-attuali.xlsx,Risposte del modulo 1,ardo30
Inseganti-attuali.xlsx,Risposte del modulo 1,iduca18
Inseganti-attuali.xlsx,Risposte del modulo 1,Ileo23
Inseganti-attuali.xlsx,Risposte del modulo 1,tini08
Inseganti-attuali.xlsx,Risposte del modulo 1,ille09
Inseganti-attuali.xlsx,Risposte del modulo 1,ELLA09
Inseganti-attuali.xlsx,Risposte del modulo 1,aisto30
Inseganti-attuali.xlsx,Risposte del modulo 1,bara29
Inseganti-attuali.xlsx,Risposte del modulo 1,etti09
Inseganti-attuali.xlsx,Risposte del modulo 1,vani22
Inseganti-attuali.xlsx,Risposte del modulo 1,EONI26
Inseganti-attuali.xlsx,Risposte del modulo 1,roni06
Inseganti-attuali.xlsx,Risposte del modulo 1,enza16
Inseganti-attuali.xlsx,Risposte del modulo 1,ondi20
Inseganti-attuali.xlsx,Risposte del modulo 1,Otti59
Inseganti-attuali.xlsx,Risposte del modulo 1,tano30
Inseganti-attuali.xlsx,Risposte del modulo 1,ioni17
Inseganti-attuali.xlsx,Risposte del modulo 1,ELLA06
Inseganti-attuali.xlsx,Risposte del modulo 1,isti12
Inseganti-attuali.xlsx,Risposte del modulo 1,iero090134
Inseganti-attuali.xlsx,Risposte del modulo 1,anni20
Inseganti-attuali.xlsx,Risposte del modulo 1,enzi06
Inseganti-attuali.xlsx,Risposte del modulo 1,eggi21
Inseganti-attuali.xlsx,Risposte del modulo 1,tore26
Inseganti-attuali.xlsx,Risposte del modulo 1,enti38
Inseganti-attuali.xlsx,Risposte del modulo 1,CATO05
Inseganti-attuali.xlsx,Risposte del modulo 1,dori06
Inseganti-attuali.xlsx,Risposte del modulo 1,iano12
Inseganti-attuali.xlsx,Risposte del modulo 1,Dini24
Inseganti-attuali.xlsx,Risposte del modulo 1,ini08
Inseganti-attuali.xlsx,Risposte del modulo 1,resi19
Inseganti-attuali.xlsx,Risposte del modulo 1,rpia18
Inseganti-attuali.xlsx,Risposte del modulo 1,ARDO03
Inseganti-attuali.xlsx,Risposte del modulo 1,arco24
Inseganti-attuali.xlsx,Risposte del modulo 1,Sani19
Inseganti-attuali.xlsx,Risposte del modulo 1,soli24
Inseganti-attuali.xlsx,Risposte del modulo 1,MICO24
Inseganti-attuali.xlsx,Risposte del modulo 1,tino28
Inseganti-attuali.xlsx,Risposte del modulo 1,tano01
Inseganti-attuali.xlsx,Risposte del modulo 1,ANZO06
Inseganti-attuali.xlsx,Risposte del modulo 1,erio24
Inseganti-attuali.xlsx,Risposte del modulo 1,osti16
Inseganti-attuali.xlsx,Risposte del modulo 1,ILEO20
Inseganti-attuali.xlsx,Risposte del modulo 1,Pepe23
Inseganti-attuali.xlsx,Risposte del modulo 1,Nori29
Inseganti-attuali.xlsx,Risposte del modulo 1,ozzi17
Inseganti-attuali.xlsx,Risposte del modulo 1,boni0503
Inseganti-attuali.xlsx,Risposte del modulo 1,19albe
Inseganti-attuali.xlsx,Risposte del modulo 1,Elli17
Inseganti-attuali.xlsx,Risposte del modulo 1,vina23
Inseganti-attuali.xlsx,Risposte del modulo 1,Schi10
Inseganti-attuali.xlsx,Risposte del modulo 1,adei10
Inseganti-attuali.xlsx,Risposte del modulo 1,arta24
Inseganti-attuali.xlsx,Risposte del modulo 1,lano03
Inseganti-attuali.xlsx,Risposte del modulo 1,ucci19
Inseganti-attuali.xlsx,Risposte del modulo 1,ifeo03
Inseganti-attuali.xlsx,Risposte del modulo 1,zano05
Inseganti-attuali.xlsx,Risposte del modulo 1,assi12
Inseganti-attuali.xlsx,Risposte del modulo 1,fico70
Inseganti-attuali.xlsx,Risposte del modulo 1,como14
Inseganti-attuali.xlsx,Risposte del modulo 1,podi30
Inseganti-attuali.xlsx,Risposte del modulo 1,zzei19
Inseganti-attuali.xlsx,Risposte del modulo 1,rese10
Inseganti-attuali.xlsx,Risposte del modulo 1,etti07
Inseganti-attuali.xlsx,Risposte del modulo 1,cari17
Inseganti-attuali.xlsx,Risposte del modulo 1,vese28
Inseganti-attuali.xlsx,Risposte del modulo 1,atti24
Inseganti-attuali.xlsx,Risposte del modulo 1,Rara56
Inseganti-attuali.xlsx,Risposte del modulo 1,iani07
Inseganti-attuali.xlsx,Risposte del modulo 1,cera21
Inseganti-attuali.xlsx,Risposte del modulo 1,nas23
Inseganti-attuali.xlsx,Risposte del modulo 1,RZIO16
Inseganti-attuali.xlsx,Risposte del modulo 1,acci11
Inseganti-attuali.xlsx,Risposte del modulo 1,tina06
Inseganti-attuali.xlsx,Risposte del modulo 1,nale19
Inseganti-attuali.xlsx,Risposte del modulo 1,ella13
Inseganti-attuali.xlsx,Risposte del modulo 1,ella26
Inseganti-attuali.xlsx,Risposte del modulo 1,Arco11
Inseganti-attuali.xlsx,Risposte del modulo 1,osti31
Inseganti-attuali.xlsx,Risposte del modulo 1,ONTI31
Inseganti-attuali.xlsx,Risposte del modulo 1,otta04
Inseganti-attuali.xlsx,Risposte del modulo 1,tano27
Inseganti-attuali.xlsx,Risposte del modulo 1,pace11
Inseganti-attuali.xlsx,Risposte del modulo 1,OPPI12
Inseganti-attuali.xlsx,Risposte del modulo 1,sini22
Inseganti-attuali.xlsx,Risposte del modulo 1,iosi14
Inseganti-attuali.xlsx,Risposte del modulo 1,curi05
Inseganti-attuali.xlsx,Risposte del modulo 1,llia22
Inseganti-attuali.xlsx,Risposte del modulo 1,noce25
Inseganti-attuali.xlsx,Risposte del modulo 1,illo31
Inseganti-attuali.xlsx,Risposte del modulo 1,anna19
Inseganti-attuali.xlsx,Risposte del modulo 1,levi16
Inseganti-attuali.xlsx,Risposte del modulo 1,runo01
Inseganti-attuali.xlsx,Risposte del modulo 1,vari16
Inseganti-attuali.xlsx,Risposte del modulo 1,zani26
Inseganti-attuali.xlsx,Risposte del modulo 1,arco02
Inseganti-attuali.xlsx,Risposte del modulo 1,tito07
Inseganti-attuali.xlsx,Risposte del modulo 1,roni24
Inseganti-attuali.xlsx,Risposte del modulo 1,ongo01
Inseganti-attuali.xlsx,Risposte del modulo 1,RINI29
Inseganti-attuali.xlsx,Risposte del modulo 1,atti22
Inseganti-attuali.xlsx,Risposte del modulo 1,Coli13
Inseganti-attuali.xlsx,Risposte del modulo 1,otti05
Inseganti-attuali.xlsx,Risposte del modulo 1,otti05
Inseganti-attuali.xlsx,Risposte del modulo 1,fila18
Inseganti-attuali.xlsx,Risposte del modulo 1,EINI23
Inseganti-attuali.xlsx,Risposte del modulo 1,uzzi13
Inseganti-attuali.xlsx,Risposte del modulo 1,MPUS21
Inseganti-attuali.xlsx,Risposte del modulo 1,ello07
Inseganti-attuali.xlsx,Risposte del modulo 1,Ovanna
Inseganti-attuali.xlsx,Risposte del modulo 1,rise08
Inseganti-attuali.xlsx,Risposte del modulo 1,ogri20
Inseganti-attuali.xlsx,Risposte del modulo 1,agna09
Inseganti-attuali.xlsx,Risposte del modulo 1,urzi15
Inseganti-attuali.xlsx,Risposte del modulo 1,RINO23
Inseganti-attuali.xlsx,Risposte del modulo 1,rini13
Inseganti-attuali.xlsx,Risposte del modulo 1,asta22
Inseganti-attuali.xlsx,Risposte del modulo 1,elia14
Inseganti-attuali.xlsx,Risposte del modulo 1,tano19
Inseganti-attuali.xlsx,Risposte del modulo 1,LLO12
Inseganti-attuali.xlsx,Risposte del modulo 1,naro28
Inseganti-attuali.xlsx,Risposte del modulo 1,runi06
Inseganti-attuali.xlsx,Risposte del modulo 1,Stini27
Inseganti-attuali.xlsx,Risposte del modulo 1,ista25
Inseganti-attuali.xlsx,Risposte del modulo 1,bani10
Inseganti-attuali.xlsx,Risposte del modulo 1,cini13
Inseganti-attuali.xlsx,Risposte del modulo 1,otta06
Inseganti-attuali.xlsx,Risposte del modulo 1,Ozza 25
Inseganti-attuali.xlsx,Risposte del modulo 1,etti10
Inseganti-attuali.xlsx,Risposte del modulo 1,anta05
Inseganti-attuali.xlsx,Risposte del modulo 1,REDA08
Inseganti-attuali.xlsx,Risposte del modulo 1,UONO16
Inseganti-attuali.xlsx,Risposte del modulo 1,NALE22
Inseganti-attuali.xlsx,Risposte del modulo 1,noni01
Inseganti-attuali.xlsx,Risposte del modulo 1,santi13
Inseganti-attuali.xlsx,Risposte del modulo 1,ogna07
Inseganti-attuali.xlsx,Risposte del modulo 1,assi14
Inseganti-attuali.xlsx,Risposte del modulo 1,pena30
Inseganti-attuali.xlsx,Risposte del modulo 1,iola29
Inseganti-attuali.xlsx,Risposte del modulo 1,peri27
Inseganti-attuali.xlsx,Risposte del modulo 1,att17
Inseganti-attuali.xlsx,Risposte del modulo 1,ITTA09
Inseganti-attuali.xlsx,Risposte del modulo 1,capu15
Inseganti-attuali.xlsx,Risposte del modulo 1,liciaricci7@gmail.com
Inseganti-attuali.xlsx,Risposte del modulo 1,iore01
Inseganti-attuali.xlsx,Risposte del modulo 1,iore23
Inseganti-attuali.xlsx,Risposte del modulo 1,Masi15
Inseganti-attuali.xlsx,Risposte del modulo 1,orio4
Inseganti-attuali.xlsx,Risposte del modulo 1,raro28
Inseganti-attuali.xlsx,Risposte del modulo 1,fazi28
Inseganti-attuali.xlsx,Risposte del modulo 1,onzi03
Inseganti-attuali.xlsx,Risposte del modulo 1,occa21
Inseganti-attuali.xlsx,Risposte del modulo 1,enzi22
Inseganti-attuali.xlsx,Risposte del modulo 1,iano18
Inseganti-attuali.xlsx,Risposte del modulo 1,ente07
Inseganti-attuali.xlsx,Risposte del modulo 1,Glio22
Inseganti-attuali.xlsx,Risposte del modulo 1,illi23
Inseganti-attuali.xlsx,Risposte del modulo 1,Ccio14
Inseganti-attuali.xlsx,Risposte del modulo 1,Gina21
Inseganti-attuali.xlsx,Risposte del modulo 1,otti15
Inseganti-attuali.xlsx,Risposte del modulo 1,Otti27
Inseganti-attuali.xlsx,Risposte del modulo 1,Capomolla30
Inseganti-attuali.xlsx,Risposte del modulo 1,Bone29
Inseganti-attuali.xlsx,Risposte del modulo 1,Rracca10
Inseganti-attuali.xlsx,Risposte del modulo 1,Unicam96
Inseganti-attuali.xlsx,Risposte del modulo 1,tese18
Inseganti-attuali.xlsx,Risposte del modulo 1,Enza21
Inseganti-attuali.xlsx,Risposte del modulo 1,Lbis20
Inseganti-attuali.xlsx,Risposte del modulo 1,uoli09
Inseganti-attuali.xlsx,Risposte del modulo 1,Rini09
Inseganti-attuali.xlsx,Risposte del modulo 1,etto08
Inseganti-attuali.xlsx,Risposte del modulo 1,IONE
Inseganti-attuali.xlsx,Risposte del modulo 1,Ello27
Inseganti-attuali.xlsx,Risposte del modulo 1,Sati26
Inseganti-attuali.xlsx,Risposte del modulo 1,Elis03
Inseganti-attuali.xlsx,Risposte del modulo 1,Enti06
Inseganti-attuali.xlsx,Risposte del modulo 1,NNAI29
Inseganti-attuali.xlsx,Risposte del modulo 1,UDIO01
Inseganti-attuali.xlsx,Risposte del modulo 1,cchi23
Inseganti-attuali.xlsx,Risposte del modulo 1,ista13
Inseganti-attuali.xlsx,Risposte del modulo 1,Zone05
Inseganti-attuali.xlsx,Risposte del modulo 1,etti17
Inseganti-attuali.xlsx,Risposte del modulo 1,Erra15
Inseganti-attuali.xlsx,Risposte del modulo 1,badabess3879
Inseganti-attuali.xlsx,Risposte del modulo 1,damo20
Inseganti-attuali.xlsx,Risposte del modulo 1,olmi21
Inseganti-attuali.xlsx,Risposte del modulo 1,acci15
Inseganti-attuali.xlsx,Risposte del modulo 1,ASSO25
Inseganti-attuali.xlsx,Risposte del modulo 1,Etti25
Inseganti-attuali.xlsx,Risposte del modulo 1,Anna18
Inseganti-attuali.xlsx,Risposte del modulo 1,Bella12
Inseganti-attuali.xlsx,Risposte del modulo 1,Iero07
Inseganti-attuali.xlsx,Risposte del modulo 1,rini15
Inseganti-attuali.xlsx,Risposte del modulo 1,Nato15
Inseganti-attuali.xlsx,Risposte del modulo 1,Eoni17
Inseganti-attuali.xlsx,Risposte del modulo 1,Paro03
Inseganti-attuali.xlsx,Risposte del modulo 1,Arra16
Inseganti-attuali.xlsx,Risposte del modulo 1,zano29
Inseganti-attuali.xlsx,Risposte del modulo 1,Ello04
Inseganti-attuali.xlsx,Risposte del modulo 1,Tili17
Inseganti-attuali.xlsx,Risposte del modulo 1,Elli04
Inseganti-attuali.xlsx,Risposte del modulo 1,lisi03
Inseganti-attuali.xlsx,Risposte del modulo 1,Orco13
Inseganti-attuali.xlsx,Risposte del modulo 1,Illo01
Inseganti-attuali.xlsx,Risposte del modulo 1,imone29
Inseganti-attuali.xlsx,Risposte del modulo 1,Tini08
Inseganti-attuali.xlsx,Risposte del modulo 1,Ione
Inseganti-attuali.xlsx,Risposte del modulo 1,Enza18
Inseganti-attuali.xlsx,Risposte del modulo 1,ippi15
Inseganti-attuali.xlsx,Risposte del modulo 1,etta24
Inseganti-attuali.xlsx,Risposte del modulo 1,ucci06
Inseganti-attuali.xlsx,Risposte del modulo 1,Illi13
Inseganti-attuali.xlsx,Risposte del modulo 1,Tini20
Inseganti-attuali.xlsx,Risposte del modulo 1,Taro21
Inseganti-attuali.xlsx,Risposte del modulo 1,HINI13
Inseganti-attuali.xlsx,Risposte del modulo 1,Iano17
Inseganti-attuali.xlsx,Risposte del modulo 1,NALI26
Inseganti-attuali.xlsx,Risposte del modulo 1,vini18
Inseganti-attuali.xlsx,Risposte del modulo 1,IDDI22
Inseganti-attuali.xlsx,Risposte del modulo 1,ello27
Inseganti-attuali.xlsx,Risposte del modulo 1,sepe29
Inseganti-attuali.xlsx,Risposte del modulo 1,unni07
Inseganti-attuali.xlsx,Risposte del modulo 1,anti03
Inseganti-attuali.xlsx,Risposte del modulo 1,Etta06
Inseganti-attuali.xlsx,Risposte del modulo 1,060580
Inseganti-attuali.xlsx,Risposte del modulo 1,Amor11
Inseganti-attuali.xlsx,Risposte del modulo 1,ndel18
Inseganti-attuali.xlsx,Risposte del modulo 1,Ione10
Inseganti-attuali.xlsx,Risposte del modulo 1,21giugno2025
Inseganti-attuali.xlsx,Risposte del modulo 1,Asio15
Inseganti-attuali.xlsx,Risposte del modulo 1,raia30
Inseganti-attuali.xlsx,Risposte del modulo 1,Isti28
Inseganti-attuali.xlsx,Risposte del modulo 1,Assi
Inseganti-attuali.xlsx,Risposte del modulo 1,Iani22
Inseganti-attuali.xlsx,Risposte del modulo 1,ata25
Inseganti-attuali.xlsx,Risposte del modulo 1,ntis26
Inseganti-attuali.xlsx,Risposte del modulo 1,Delli14
